,id,nombre,coordenadas
0,1,Portal San Nicol치s,"(-28.127324865071234, -57.434814947667874)"
1,2,Portal Carambola,"(-28.42802136858528, -57.81935218480304)"
2,3,Portal Cambyret치,"(-27.861330724772223, -56.874706679686916)"
3,4,Portal Laguna Iber치,"(-27.85921967315458, -56.87613946236833)"
4,5,Portal San Antonio,"(-27.86796, -57.39052)"
5,6,Portal Uguay,"(-28.65959, -57.47726)"
6,7,Portal Galarza,"(-28.09355, -56.70431)"
7,8,Portal Rio Corrientes,"(-28.99378, -58.55925)"
8,9,Parque Nacional Mburucuy치,"(-28.04233, -58.14519)"
